data,total_servido,total_reservas,dia_semana_cos,dia_semana,dia_semana_sin,eh_sexta,total_reservas_lag_2,eh_segunda,vespera_feriado,reservas_media_movel_5d,total_reservas_lag_3,total_reservas_lag_7,total_reservas_lag_1,temp_min,temp_media_ontem,vento_max,temp_media,temp_max,chuva_soma,reservas_media_movel_3d,etapa_acad_2,etapa_acad_1,bert_350,chuva_ontem,bert_48,bert_245,bert_761,bert_376,bert_78,bert_86,bert_509,bert_183,bert_326,bert_136,bert_4,bert_621,bert_196,bert_373,bert_14,bert_693,bert_371,bert_541,bert_383,bert_767,bert_208,bert_484,bert_528,bert_543,bert_523,etapa_acad_3,bert_345
2025-03-10,180,189,1.0,0,0.0,0,127.0,1,0,115.4,118.0,167.0,67.0,18.9,23.27,17.06,22.96,28.45,0.0,104.0,0,1,-0.0027927025,0.0,-0.44536966,-0.428391,0.033618826,0.36262769,0.2878365,0.46705413,0.011674663,0.6481607,0.020772995,0.06367802,0.49465638,-0.054924995,-0.023607627,-0.3504897,0.10268079,0.18888336,-0.04087478,-0.24642414,-0.16262546,-0.12010608,-0.2899982,0.46297312,0.14939946,0.6529905,-0.45463756,0,-0.26835907
2025-03-11,144,154,0.6234898018587336,1,0.7818314824680298,0,67.0,0,0,123.0,127.0,76.0,189.0,18.8,22.96,11.75,22.97,29.85,0.0,127.66666666666669,0,1,0.2076997,0.0,-0.5043584,-0.33187538,0.06650998,0.19106983,0.15486673,0.45673278,-0.19818714,0.46531117,0.034073837,-0.055367224,0.52485424,-0.009708056,-0.11511017,-0.25494844,0.021764498,0.040238958,-0.07638197,-0.13926403,-0.12925908,-0.07521677,-0.23381083,0.38297322,0.14746192,0.51413786,-0.41353402,0,-0.23043376
2025-03-12,170,136,-0.2225209339563143,2,0.9749279121818236,0,189.0,0,0,131.0,67.0,151.0,154.0,19.6,22.97,15.19,23.91,31.45,0.0,136.66666666666666,0,1,0.28562006,0.0,-0.39038596,-0.256017,0.17427914,0.05990135,0.21011202,0.24942613,-0.3167221,0.1739005,-0.036669366,-0.02689498,0.62202936,0.11253018,-0.31858286,-0.32913512,0.1381969,-0.10227975,-0.40397203,-0.018888436,0.015119223,-0.040475365,-0.2709964,0.31814915,0.3810589,0.86138445,-0.46360317,0,-0.15686695
2025-03-17,154,142,1.0,0,0.0,0,154.0,1,0,134.6,189.0,114.0,136.0,19.0,23.91,12.1,21.81,26.35,0.0,159.66666666666666,0,1,0.078069456,0.0,-0.3797867,-0.38142464,0.06887399,0.23675646,0.04171129,0.28039783,-0.21674363,0.30436954,-0.015328482,0.11429804,0.47800714,0.05091755,-0.1162341,-0.3263589,0.21364023,-0.10007038,-0.27246752,-0.06442541,-0.07408678,-0.055456944,-0.21080714,0.29182884,0.34064314,0.8059214,-0.2385231,0,-0.12540774
2025-03-18,115,137,0.6234898018587336,1,0.7818314824680298,0,136.0,0,0,137.6,154.0,118.0,142.0,17.9,21.81,12.37,22.59,29.25,0.0,144.0,0,1,0.17757006,0.0,-0.37182885,-0.31343883,0.11578908,0.1893043,-0.008997939,0.3462589,-0.20245709,0.4799835,0.045423776,-0.020935457,0.4680397,0.021816084,-0.12966093,-0.30084106,0.11207462,-0.08957309,-0.18312295,-0.102206096,-0.2159206,-0.05240814,-0.2820377,0.34112892,0.23621224,0.6394636,-0.33613783,0,-0.18977366
2025-03-19,216,125,-0.2225209339563143,2,0.9749279121818236,0,142.0,0,0,151.6,136.0,127.0,137.0,18.65,22.59,15.48,20.71,23.25,0.0,138.33333333333334,0,1,-0.22710297,0.0,-0.45392588,-0.2177229,-0.09813722,0.12423725,0.5053741,0.5165196,-0.009842575,0.20284972,-0.06418477,-0.050275095,0.5416194,-0.061198182,-0.15896636,-0.102459595,0.04263803,0.26493943,-0.1459751,0.08050937,-0.43099707,-0.116772756,-0.14347744,0.53868145,0.22479375,1.0504786,-0.31666633,0,-0.43543407
2025-03-20,167,150,-0.900968867902419,3,0.4338837391175582,0,137.0,0,0,138.8,142.0,67.0,125.0,17.0,20.71,15.99,20.22,25.7,0.0,134.66666666666666,0,1,0.29560786,0.0,-0.49264508,-0.15879774,0.29164174,0.100189246,0.26225477,0.21436915,-0.305929,0.42024824,-0.03504032,-0.18753496,0.73829406,0.0909283,-0.3335448,-0.25554273,0.052187648,-0.038966198,-0.25862902,-0.06611184,-0.011888915,0.014847776,-0.40254915,0.3939586,0.30122188,0.73634917,-0.54781604,0,-0.09443362
2025-03-21,113,76,-0.9009688679024191,4,-0.433883739117558,1,125.0,0,0,138.0,137.0,189.0,150.0,16.5,20.22,17.57,20.48,26.95,0.0,137.33333333333334,0,1,0.010030358,0.0,-0.31715617,-0.37206453,0.05114708,0.30396155,0.23860498,0.38957912,-0.098682165,0.4399976,0.12672387,-0.016615534,0.4940394,-0.08867241,-0.07556542,-0.2730076,0.14817709,0.14833048,-0.044330947,0.0037533105,-0.35672244,-0.0007035454,-0.24088623,0.46096042,0.18940936,0.7816403,-0.15280199,0,-0.08578328
2025-03-24,172,136,1.0,0,0.0,0,150.0,1,0,126.0,125.0,154.0,76.0,18.5,20.48,10.31,22.42,28.2,0.0,117.0,0,1,0.07583473,0.0,-0.36883342,-0.23357655,0.044821598,0.17300622,0.027924538,0.5191617,-0.10298383,0.37425056,0.10583524,0.025362598,0.28394663,-0.0070416974,-0.05929858,-0.46558544,0.16186658,-0.17100643,-0.19939905,-0.15149575,-0.2858544,0.087428704,-0.15701231,0.3833174,0.22805081,0.6660427,-0.26074344,0,-0.3817752
2025-03-25,147,133,0.6234898018587336,1,0.7818314824680298,0,76.0,0,0,124.8,150.0,136.0,136.0,18.2,22.42,13.45,22.77,29.2,0.0,120.66666666666669,0,1,0.078069456,0.0,-0.3797867,-0.38142464,0.06887399,0.23675646,0.04171129,0.28039783,-0.21674363,0.30436954,-0.015328482,0.11429804,0.47800714,0.05091755,-0.1162341,-0.3263589,0.21364023,-0.10007038,-0.27246752,-0.06442541,-0.07408678,-0.055456944,-0.21080714,0.29182884,0.34064314,0.8059214,-0.2385231,0,-0.12540774
2025-03-26,159,126,-0.2225209339563143,2,0.9749279121818236,0,136.0,0,0,124.0,76.0,142.0,133.0,18.2,22.77,13.48,21.7,27.3,0.0,115.0,0,1,0.17757006,0.0,-0.37182885,-0.31343883,0.11578908,0.1893043,-0.008997939,0.3462589,-0.20245709,0.4799835,0.045423776,-0.020935457,0.4680397,0.021816084,-0.12966093,-0.30084106,0.11207462,-0.08957309,-0.18312295,-0.102206096,-0.2159206,-0.05240814,-0.2820377,0.34112892,0.23621224,0.6394636,-0.33613783,0,-0.18977366
2025-03-27,112,148,-0.900968867902419,3,0.4338837391175582,0,133.0,0,0,124.2,136.0,137.0,126.0,17.7,21.7,17.38,21.98,28.2,0.0,131.66666666666666,0,1,0.08583604,0.0,-0.544376,-0.369425,0.0016248311,0.21678832,0.23692523,0.30912396,-0.18545106,0.35027367,0.033617668,0.10236488,0.4601931,0.033177156,-0.11623674,-0.30167714,0.10526719,0.015744342,-0.16440652,-0.1512605,-0.023636878,-0.13491264,-0.22636065,0.3945715,0.24077085,0.6654153,-0.31557027,0,-0.1645818
2025-03-28,123,78,-0.9009688679024191,4,-0.433883739117558,1,126.0,0,0,123.8,133.0,125.0,148.0,18.45,21.98,12.1,23.09,29.25,0.0,135.66666666666666,0,1,0.08071069,0.0,-0.62026614,-0.34342748,0.15595214,0.3238804,0.4261372,0.36311808,-0.13490175,0.56740445,0.022151025,-0.00039582167,0.58047634,0.071585335,-0.091322124,-0.25483352,0.03971236,0.1586406,-0.026425822,-0.22728948,-0.09934749,-0.055832934,-0.32784858,0.4465858,0.20661661,0.54361284,-0.45381978,0,-0.20044902
2025-03-31,174,151,1.0,0,0.0,0,148.0,1,0,124.2,126.0,150.0,78.0,18.5,23.09,10.01,22.71,28.4,0.0,117.33333333333331,0,1,0.078069456,0.0,-0.3797867,-0.38142464,0.06887399,0.23675646,0.04171129,0.28039783,-0.21674363,0.30436954,-0.015328482,0.11429804,0.47800714,0.05091755,-0.1162341,-0.3263589,0.21364023,-0.10007038,-0.27246752,-0.06442541,-0.07408678,-0.055456944,-0.21080714,0.29182884,0.34064314,0.8059214,-0.2385231,0,-0.12540774
2025-04-01,158,142,0.6234898018587336,1,0.7818314824680298,0,78.0,0,0,127.2,148.0,76.0,151.0,18.6,22.71,11.38,22.84,28.4,0.0,125.66666666666669,0,1,0.18039969,0.0,-0.37147954,-0.21548541,0.07268581,0.20773965,0.21890776,0.2927964,-0.25349638,0.39312187,0.023458946,-0.30005118,0.60857445,0.0563648,-0.17173742,-0.34157568,-0.021483036,-0.12383233,0.027198823,-0.18988818,0.11424323,-0.14317268,-0.28934366,0.40464938,0.081175685,0.6942373,-0.42435944,0,-0.4281464
2025-04-02,176,139,-0.2225209339563143,2,0.9749279121818236,0,151.0,0,0,129.0,78.0,136.0,142.0,19.5,22.84,11.99,24.2,30.1,0.0,123.66666666666669,0,1,0.078069456,0.0,-0.3797867,-0.38142464,0.06887399,0.23675646,0.04171129,0.28039783,-0.21674363,0.30436954,-0.015328482,0.11429804,0.47800714,0.05091755,-0.1162341,-0.3263589,0.21364023,-0.10007038,-0.27246752,-0.06442541,-0.07408678,-0.055456944,-0.21080714,0.29182884,0.34064314,0.8059214,-0.2385231,0,-0.12540774
2025-04-03,131,163,-0.900968867902419,3,0.4338837391175582,0,142.0,0,0,131.6,151.0,133.0,139.0,20.65,24.2,13.68,23.85,28.6,0.2,144.0,0,1,0.15316965,0.0,-0.31194785,-0.23526134,-0.008488979,0.15649723,-0.118731335,0.35276106,-0.20379427,0.42737526,0.08942269,0.07649757,0.31402764,0.061329547,-0.106037505,-0.30282962,0.2055168,-0.11265849,-0.35649598,-0.17724992,-0.2220188,-0.033327155,-0.1371433,0.1799714,0.18697093,0.7019024,-0.2383205,0,-0.4243687
2025-04-04,118,78,-0.9009688679024191,4,-0.433883739117558,1,139.0,0,0,134.6,142.0,126.0,163.0,19.55,23.85,16.75,22.08,26.1,0.0,148.0,0,1,0.078069456,0.2,-0.3797867,-0.38142464,0.06887399,0.23675646,0.04171129,0.28039783,-0.21674363,0.30436954,-0.015328482,0.11429804,0.47800714,0.05091755,-0.1162341,-0.3263589,0.21364023,-0.10007038,-0.27246752,-0.06442541,-0.07408678,-0.055456944,-0.21080714,0.29182884,0.34064314,0.8059214,-0.2385231,0,-0.12540774
2025-04-07,148,147,1.0,0,0.0,0,163.0,1,0,134.6,139.0,148.0,78.0,16.55,22.08,15.91,18.59,22.65,0.0,126.66666666666669,0,1,0.078069456,0.0,-0.3797867,-0.38142464,0.06887399,0.23675646,0.04171129,0.28039783,-0.21674363,0.30436954,-0.015328482,0.11429804,0.47800714,0.05091755,-0.1162341,-0.3263589,0.21364023,-0.10007038,-0.27246752,-0.06442541,-0.07408678,-0.055456944,-0.21080714,0.29182884,0.34064314,0.8059214,-0.2385231,0,-0.12540774
2025-04-08,125,136,0.6234898018587336,1,0.7818314824680298,0,78.0,0,0,133.8,163.0,78.0,147.0,15.05,18.59,9.18,20.19,26.45,0.0,129.33333333333334,0,1,0.078069456,0.0,-0.3797867,-0.38142464,0.06887399,0.23675646,0.04171129,0.28039783,-0.21674363,0.30436954,-0.015328482,0.11429804,0.47800714,0.05091755,-0.1162341,-0.3263589,0.21364023,-0.10007038,-0.27246752,-0.06442541,-0.07408678,-0.055456944,-0.21080714,0.29182884,0.34064314,0.8059214,-0.2385231,0,-0.12540774
2025-04-09,177,135,-0.2225209339563143,2,0.9749279121818236,0,147.0,0,0,132.6,78.0,151.0,136.0,16.55,20.19,15.14,22.19,28.4,0.0,120.33333333333331,0,1,0.3549877,0.0,-0.5107239,-0.12750839,0.26021788,0.036041573,0.22484227,0.41066638,-0.32602036,0.38840827,-0.09188693,-0.14001392,0.49597272,0.16120368,-0.3822028,-0.19106217,0.20967923,-0.21870264,-0.17073315,-0.078315966,-0.0048982096,-0.040672746,-0.20584813,0.20084648,0.2481396,0.5301336,-0.37145618,0,-0.517695
2025-04-10,123,151,-0.900968867902419,3,0.4338837391175582,0,136.0,0,0,131.8,147.0,142.0,135.0,18.15,22.19,14.0,20.94,26.0,0.0,139.33333333333334,0,1,0.06876411,0.0,-0.34303707,-0.3024364,0.12912399,0.26114962,0.15443884,0.44594142,-0.14681733,0.24157788,0.080426164,0.17219165,0.35308614,-0.027495822,-0.028541123,-0.47720987,0.25465304,-0.16936243,-0.22160129,-0.11973034,-0.21527445,-0.038101654,-0.1489446,0.3238699,0.2330889,0.8206462,-0.15824112,0,-0.35404447
2025-04-11,116,79,-0.9009688679024191,4,-0.433883739117558,1,135.0,0,0,129.4,136.0,139.0,151.0,17.6,20.94,13.57,20.39,25.45,0.0,140.66666666666666,0,1,0.2076997,0.0,-0.5043584,-0.33187538,0.06650998,0.19106983,0.15486673,0.45673278,-0.19818714,0.46531117,0.034073837,-0.055367224,0.52485424,-0.009708056,-0.11511017,-0.25494844,0.021764498,0.040238958,-0.07638197,-0.13926403,-0.12925908,-0.07521677,-0.23381083,0.38297322,0.14746192,0.51413786,-0.41353402,0,-0.23043376
2025-04-14,172,142,1.0,0,0.0,0,151.0,1,0,129.6,135.0,163.0,79.0,18.25,20.39,18.78,20.68,24.95,0.0,121.66666666666669,0,1,0.17757006,0.0,-0.37182885,-0.31343883,0.11578908,0.1893043,-0.008997939,0.3462589,-0.20245709,0.4799835,0.045423776,-0.020935457,0.4680397,0.021816084,-0.12966093,-0.30084106,0.11207462,-0.08957309,-0.18312295,-0.102206096,-0.2159206,-0.05240814,-0.2820377,0.34112892,0.23621224,0.6394636,-0.33613783,0,-0.18977366
2025-04-15,125,145,0.6234898018587336,1,0.7818314824680298,0,79.0,0,0,128.6,151.0,78.0,142.0,16.5,20.68,13.78,20.23,25.65,0.0,124.0,0,1,0.078069456,0.0,-0.3797867,-0.38142464,0.06887399,0.23675646,0.04171129,0.28039783,-0.21674363,0.30436954,-0.015328482,0.11429804,0.47800714,0.05091755,-0.1162341,-0.3263589,0.21364023,-0.10007038,-0.27246752,-0.06442541,-0.07408678,-0.055456944,-0.21080714,0.29182884,0.34064314,0.8059214,-0.2385231,0,-0.12540774
2025-04-16,179,141,-0.2225209339563143,2,0.9749279121818236,0,142.0,0,0,130.4,79.0,147.0,145.0,17.85,20.23,7.57,20.41,25.25,0.9,122.0,0,1,-0.0027927025,0.0,-0.44536966,-0.428391,0.033618826,0.36262769,0.2878365,0.46705413,0.011674663,0.6481607,0.020772995,0.06367802,0.49465638,-0.054924995,-0.023607627,-0.3504897,0.10268079,0.18888336,-0.04087478,-0.24642414,-0.16262546,-0.12010608,-0.2899982,0.46297312,0.14939946,0.6529905,-0.45463756,0,-0.26835907
2025-04-17,131,123,-0.900968867902419,3,0.4338837391175582,0,145.0,0,1,131.6,142.0,136.0,141.0,16.35,20.41,11.02,20.65,25.5,0.0,142.66666666666666,0,1,0.15353464,0.9,-0.33250648,-0.26614764,0.15922548,0.2086791,0.20082007,0.3895105,-0.25993752,0.29893127,-0.0129189035,-0.10446636,0.5615898,0.009012938,-0.26298004,-0.29182702,0.017060084,0.018719349,-0.33966434,0.0029184956,-0.28151152,0.084709406,-0.30165374,0.40268946,0.18889068,0.90253097,-0.36243343,0,-0.09520782
2025-04-22,151,133,0.6234898018587336,1,0.7818314824680298,0,141.0,0,0,126.0,145.0,135.0,123.0,14.85,20.65,12.31,17.65,22.7,0.0,136.33333333333334,0,1,0.17757006,0.0,-0.37182885,-0.31343883,0.11578908,0.1893043,-0.008997939,0.3462589,-0.20245709,0.4799835,0.045423776,-0.020935457,0.4680397,0.021816084,-0.12966093,-0.30084106,0.11207462,-0.08957309,-0.18312295,-0.102206096,-0.2159206,-0.05240814,-0.2820377,0.34112892,0.23621224,0.6394636,-0.33613783,0,-0.18977366
2025-04-23,169,129,-0.2225209339563143,2,0.9749279121818236,0,123.0,0,0,136.8,141.0,151.0,133.0,14.85,17.65,9.42,19.03,24.95,0.0,132.33333333333334,0,1,0.078069456,0.0,-0.3797867,-0.38142464,0.06887399,0.23675646,0.04171129,0.28039783,-0.21674363,0.30436954,-0.015328482,0.11429804,0.47800714,0.05091755,-0.1162341,-0.3263589,0.21364023,-0.10007038,-0.27246752,-0.06442541,-0.07408678,-0.055456944,-0.21080714,0.29182884,0.34064314,0.8059214,-0.2385231,0,-0.12540774
2025-04-24,128,150,-0.900968867902419,3,0.4338837391175582,0,133.0,0,0,134.2,123.0,79.0,129.0,16.45,19.03,11.21,20.16,25.3,4.8,128.33333333333334,0,1,0.07688017,0.0,-0.40888214,-0.29561824,0.18332256,0.33268347,0.16253453,0.35023448,-0.16662107,0.539313,0.014745952,-0.0011368602,0.5604459,-0.007478245,-0.12875897,-0.33264363,0.11666574,-0.003126336,-0.16954845,-0.12936538,-0.19045284,0.024810513,-0.31386223,0.3950537,0.26707587,0.6782863,-0.38819042,0,-0.106413454
2025-04-25,128,81,-0.9009688679024191,4,-0.433883739117558,1,129.0,0,0,135.2,133.0,142.0,150.0,18.5,20.16,8.65,19.48,21.65,5.2,137.33333333333334,0,1,0.18039969,4.8,-0.37147954,-0.21548541,0.07268581,0.20773965,0.21890776,0.2927964,-0.25349638,0.39312187,0.023458946,-0.30005118,0.60857445,0.0563648,-0.17173742,-0.34157568,-0.021483036,-0.12383233,0.027198823,-0.18988818,0.11424323,-0.14317268,-0.28934366,0.40464938,0.081175685,0.6942373,-0.42435944,0,-0.4281464
2025-04-28,169,144,1.0,0,0.0,0,150.0,1,0,123.2,129.0,145.0,81.0,17.25,19.48,14.56,20.41,24.5,0.0,120.0,0,1,0.08583604,5.2,-0.544376,-0.369425,0.0016248311,0.21678832,0.23692523,0.30912396,-0.18545106,0.35027367,0.033617668,0.10236488,0.4601931,0.033177156,-0.11623674,-0.30167714,0.10526719,0.015744342,-0.16440652,-0.1512605,-0.023636878,-0.13491264,-0.22636065,0.3945715,0.24077085,0.6654153,-0.31557027,0,-0.1645818
2025-04-29,122,136,0.6234898018587336,1,0.7818314824680298,0,81.0,0,0,127.4,150.0,141.0,144.0,15.7,20.41,11.48,18.78,22.8,0.0,125.0,0,1,0.17757006,0.0,-0.37182885,-0.31343883,0.11578908,0.1893043,-0.008997939,0.3462589,-0.20245709,0.4799835,0.045423776,-0.020935457,0.4680397,0.021816084,-0.12966093,-0.30084106,0.11207462,-0.08957309,-0.18312295,-0.102206096,-0.2159206,-0.05240814,-0.2820377,0.34112892,0.23621224,0.6394636,-0.33613783,0,-0.18977366
2025-04-30,169,134,-0.2225209339563143,2,0.9749279121818236,0,144.0,0,1,128.0,81.0,123.0,136.0,14.3,18.78,13.4,17.32,22.5,0.0,120.33333333333331,0,1,0.046744507,0.0,-0.40821344,-0.28979346,0.16263056,0.3587721,0.21098068,0.4988313,-0.055414457,0.47820476,0.08606454,0.14568673,0.365381,-0.009994098,0.0016315313,-0.4193452,0.15629539,0.0032632872,-0.1426856,-0.1785672,-0.26166788,0.048459973,-0.1976835,0.42116308,0.2305421,0.67973596,-0.30786082,0,-0.31003636
2025-05-02,93,85,-0.9009688679024191,4,-0.433883739117558,1,136.0,0,0,129.0,144.0,133.0,134.0,12.9,17.32,10.7,17.87,23.8,0.0,138.0,1,0,0.06876411,0.0,-0.34303707,-0.3024364,0.12912399,0.26114962,0.15443884,0.44594142,-0.14681733,0.24157788,0.080426164,0.17219165,0.35308614,-0.027495822,-0.028541123,-0.47720987,0.25465304,-0.16936243,-0.22160129,-0.11973034,-0.21527445,-0.038101654,-0.1489446,0.3238699,0.2330889,0.8206462,-0.15824112,0,-0.35404447
2025-05-05,161,135,1.0,0,0.0,0,134.0,1,0,116.0,136.0,129.0,85.0,14.0,17.87,9.2,18.49,23.7,0.0,118.33333333333331,1,0,0.17757006,0.0,-0.37182885,-0.31343883,0.11578908,0.1893043,-0.008997939,0.3462589,-0.20245709,0.4799835,0.045423776,-0.020935457,0.4680397,0.021816084,-0.12966093,-0.30084106,0.11207462,-0.08957309,-0.18312295,-0.102206096,-0.2159206,-0.05240814,-0.2820377,0.34112892,0.23621224,0.6394636,-0.33613783,0,-0.18977366
2025-05-06,118,136,0.6234898018587336,1,0.7818314824680298,0,85.0,0,0,126.8,134.0,150.0,135.0,14.95,18.49,7.59,18.77,24.25,0.0,118.0,1,0,0.078069456,0.0,-0.3797867,-0.38142464,0.06887399,0.23675646,0.04171129,0.28039783,-0.21674363,0.30436954,-0.015328482,0.11429804,0.47800714,0.05091755,-0.1162341,-0.3263589,0.21364023,-0.10007038,-0.27246752,-0.06442541,-0.07408678,-0.055456944,-0.21080714,0.29182884,0.34064314,0.8059214,-0.2385231,0,-0.12540774
2025-05-07,164,130,-0.2225209339563143,2,0.9749279121818236,0,135.0,0,0,125.2,85.0,81.0,136.0,14.6,18.77,6.62,19.63,25.75,0.0,118.66666666666669,1,0,0.2076997,0.0,-0.5043584,-0.33187538,0.06650998,0.19106983,0.15486673,0.45673278,-0.19818714,0.46531117,0.034073837,-0.055367224,0.52485424,-0.009708056,-0.11511017,-0.25494844,0.021764498,0.040238958,-0.07638197,-0.13926403,-0.12925908,-0.07521677,-0.23381083,0.38297322,0.14746192,0.51413786,-0.41353402,0,-0.23043376
2025-05-08,139,155,-0.900968867902419,3,0.4338837391175582,0,136.0,0,0,124.0,135.0,144.0,130.0,15.4,19.63,8.53,20.62,27.6,0.0,133.66666666666666,1,0,0.29560786,0.0,-0.49264508,-0.15879774,0.29164174,0.100189246,0.26225477,0.21436915,-0.305929,0.42024824,-0.03504032,-0.18753496,0.73829406,0.0909283,-0.3335448,-0.25554273,0.052187648,-0.038966198,-0.25862902,-0.06611184,-0.011888915,0.014847776,-0.40254915,0.3939586,0.30122188,0.73634917,-0.54781604,0,-0.09443362
2025-05-09,131,72,-0.9009688679024191,4,-0.433883739117558,1,130.0,0,0,128.2,136.0,136.0,155.0,16.0,20.62,16.64,21.58,27.95,0.0,140.33333333333334,1,0,0.010030358,0.0,-0.31715617,-0.37206453,0.05114708,0.30396155,0.23860498,0.38957912,-0.098682165,0.4399976,0.12672387,-0.016615534,0.4940394,-0.08867241,-0.07556542,-0.2730076,0.14817709,0.14833048,-0.044330947,0.0037533105,-0.35672244,-0.0007035454,-0.24088623,0.46096042,0.18940936,0.7816403,-0.15280199,0,-0.08578328
2025-05-12,178,160,1.0,0,0.0,0,155.0,1,0,125.6,130.0,134.0,72.0,15.1,21.58,14.06,17.62,21.2,0.0,119.0,1,0,0.078069456,0.0,-0.3797867,-0.38142464,0.06887399,0.23675646,0.04171129,0.28039783,-0.21674363,0.30436954,-0.015328482,0.11429804,0.47800714,0.05091755,-0.1162341,-0.3263589,0.21364023,-0.10007038,-0.27246752,-0.06442541,-0.07408678,-0.055456944,-0.21080714,0.29182884,0.34064314,0.8059214,-0.2385231,0,-0.12540774
2025-05-13,127,147,0.6234898018587336,1,0.7818314824680298,0,72.0,0,0,130.6,155.0,85.0,160.0,15.15,17.62,12.89,18.1,22.7,0.0,129.0,1,0,0.07688017,0.0,-0.40888214,-0.29561824,0.18332256,0.33268347,0.16253453,0.35023448,-0.16662107,0.539313,0.014745952,-0.0011368602,0.5604459,-0.007478245,-0.12875897,-0.33264363,0.11666574,-0.003126336,-0.16954845,-0.12936538,-0.19045284,0.024810513,-0.31386223,0.3950537,0.26707587,0.6782863,-0.38819042,0,-0.106413454
2025-05-14,185,143,-0.2225209339563143,2,0.9749279121818236,0,160.0,0,0,132.8,72.0,135.0,147.0,12.5,18.1,12.96,16.9,22.2,0.0,126.33333333333331,1,0,0.3272811,0.0,-0.49946883,-0.16224839,0.2387026,0.042849675,0.23714323,0.1694399,-0.32784995,0.35351035,-0.03154913,-0.13925059,0.69382674,0.15631796,-0.3605576,-0.27172217,0.016605431,-0.18091224,-0.18211685,-0.11708972,0.004227298,-0.109522104,-0.33366254,0.3611379,0.30440357,0.7098844,-0.4979693,0,-0.19413455
2025-05-19,178,145,1.0,0,0.0,0,147.0,1,0,135.4,160.0,136.0,143.0,12.35,16.9,5.15,19.4,25.95,0.0,150.0,1,0,0.08583604,0.0,-0.544376,-0.369425,0.0016248311,0.21678832,0.23692523,0.30912396,-0.18545106,0.35027367,0.033617668,0.10236488,0.4601931,0.033177156,-0.11623674,-0.30167714,0.10526719,0.015744342,-0.16440652,-0.1512605,-0.023636878,-0.13491264,-0.22636065,0.3945715,0.24077085,0.6654153,-0.31557027,0,-0.1645818
2025-05-20,167,124,0.6234898018587336,1,0.7818314824680298,0,143.0,0,0,133.4,147.0,130.0,145.0,13.15,19.4,9.59,19.28,26.2,0.0,145.0,1,0,0.28562006,0.0,-0.39038596,-0.256017,0.17427914,0.05990135,0.21011202,0.24942613,-0.3167221,0.1739005,-0.036669366,-0.02689498,0.62202936,0.11253018,-0.31858286,-0.32913512,0.1381969,-0.10227975,-0.40397203,-0.018888436,0.015119223,-0.040475365,-0.2709964,0.31814915,0.3810589,0.86138445,-0.46360317,0,-0.15686695
2025-05-21,182,122,-0.2225209339563143,2,0.9749279121818236,0,145.0,0,0,143.8,143.0,155.0,124.0,12.9,19.28,9.34,18.91,25.4,0.0,137.33333333333334,1,0,0.07688017,0.0,-0.40888214,-0.29561824,0.18332256,0.33268347,0.16253453,0.35023448,-0.16662107,0.539313,0.014745952,-0.0011368602,0.5604459,-0.007478245,-0.12875897,-0.33264363,0.11666574,-0.003126336,-0.16954845,-0.12936538,-0.19045284,0.024810513,-0.31386223,0.3950537,0.26707587,0.6782863,-0.38819042,0,-0.106413454
2025-05-22,90,140,-0.900968867902419,3,0.4338837391175582,0,124.0,0,0,136.2,145.0,72.0,122.0,16.8,18.91,7.59,19.56,24.7,0.0,130.33333333333334,1,0,0.17757006,0.0,-0.37182885,-0.31343883,0.11578908,0.1893043,-0.008997939,0.3462589,-0.20245709,0.4799835,0.045423776,-0.020935457,0.4680397,0.021816084,-0.12966093,-0.30084106,0.11207462,-0.08957309,-0.18312295,-0.102206096,-0.2159206,-0.05240814,-0.2820377,0.34112892,0.23621224,0.6394636,-0.33613783,0,-0.18977366
2025-05-23,102,69,-0.9009688679024191,4,-0.433883739117558,1,122.0,0,0,134.8,124.0,160.0,140.0,16.2,19.56,9.47,18.04,19.85,0.0,128.66666666666666,1,0,0.078069456,0.0,-0.3797867,-0.38142464,0.06887399,0.23675646,0.04171129,0.28039783,-0.21674363,0.30436954,-0.015328482,0.11429804,0.47800714,0.05091755,-0.1162341,-0.3263589,0.21364023,-0.10007038,-0.27246752,-0.06442541,-0.07408678,-0.055456944,-0.21080714,0.29182884,0.34064314,0.8059214,-0.2385231,0,-0.12540774
2025-05-26,165,161,1.0,0,0.0,0,140.0,1,0,120.0,122.0,147.0,69.0,13.0,18.04,6.19,19.1,25.2,0.0,110.33333333333331,1,0,0.17757006,0.0,-0.37182885,-0.31343883,0.11578908,0.1893043,-0.008997939,0.3462589,-0.20245709,0.4799835,0.045423776,-0.020935457,0.4680397,0.021816084,-0.12966093,-0.30084106,0.11207462,-0.08957309,-0.18312295,-0.102206096,-0.2159206,-0.05240814,-0.2820377,0.34112892,0.23621224,0.6394636,-0.33613783,0,-0.18977366
2025-05-27,150,137,0.6234898018587336,1,0.7818314824680298,0,69.0,0,0,123.2,140.0,143.0,161.0,12.5,19.1,17.06,18.56,24.6,0.0,123.33333333333331,1,0,0.078069456,0.0,-0.3797867,-0.38142464,0.06887399,0.23675646,0.04171129,0.28039783,-0.21674363,0.30436954,-0.015328482,0.11429804,0.47800714,0.05091755,-0.1162341,-0.3263589,0.21364023,-0.10007038,-0.27246752,-0.06442541,-0.07408678,-0.055456944,-0.21080714,0.29182884,0.34064314,0.8059214,-0.2385231,0,-0.12540774
2025-05-28,176,130,-0.2225209339563143,2,0.9749279121818236,0,161.0,0,0,125.8,69.0,145.0,137.0,16.4,18.56,19.01,20.16,24.05,0.0,122.33333333333331,1,0,0.28562006,0.0,-0.39038596,-0.256017,0.17427914,0.05990135,0.21011202,0.24942613,-0.3167221,0.1739005,-0.036669366,-0.02689498,0.62202936,0.11253018,-0.31858286,-0.32913512,0.1381969,-0.10227975,-0.40397203,-0.018888436,0.015119223,-0.040475365,-0.2709964,0.31814915,0.3810589,0.86138445,-0.46360317,0,-0.15686695
2025-05-29,123,106,-0.900968867902419,3,0.4338837391175582,0,137.0,0,0,127.4,161.0,124.0,130.0,11.9,20.16,19.17,16.09,19.7,0.2,142.66666666666666,1,0,0.07583473,0.0,-0.36883342,-0.23357655,0.044821598,0.17300622,0.027924538,0.5191617,-0.10298383,0.37425056,0.10583524,0.025362598,0.28394663,-0.0070416974,-0.05929858,-0.46558544,0.16186658,-0.17100643,-0.19939905,-0.15149575,-0.2858544,0.087428704,-0.15701231,0.3833174,0.22805081,0.6660427,-0.26074344,0,-0.3817752
2025-05-30,116,96,-0.9009688679024191,4,-0.433883739117558,1,130.0,0,0,120.6,137.0,122.0,106.0,6.85,16.09,8.65,12.58,19.45,0.0,124.33333333333331,1,0,0.07688017,0.2,-0.40888214,-0.29561824,0.18332256,0.33268347,0.16253453,0.35023448,-0.16662107,0.539313,0.014745952,-0.0011368602,0.5604459,-0.007478245,-0.12875897,-0.33264363,0.11666574,-0.003126336,-0.16954845,-0.12936538,-0.19045284,0.024810513,-0.31386223,0.3950537,0.26707587,0.6782863,-0.38819042,0,-0.106413454
2025-06-02,160,148,1.0,0,0.0,0,106.0,1,0,126.0,130.0,140.0,96.0,14.15,12.58,10.83,18.15,23.4,0.0,110.66666666666669,1,0,-0.22710297,0.0,-0.45392588,-0.2177229,-0.09813722,0.12423725,0.5053741,0.5165196,-0.009842575,0.20284972,-0.06418477,-0.050275095,0.5416194,-0.061198182,-0.15896636,-0.102459595,0.04263803,0.26493943,-0.1459751,0.08050937,-0.43099707,-0.116772756,-0.14347744,0.53868145,0.22479375,1.0504786,-0.31666633,0,-0.43543407
2025-06-03,122,122,0.6234898018587336,1,0.7818314824680298,0,96.0,0,0,123.4,106.0,69.0,148.0,15.5,18.15,10.44,17.73,22.0,2.3,116.66666666666669,1,0,0.18039969,0.0,-0.37147954,-0.21548541,0.07268581,0.20773965,0.21890776,0.2927964,-0.25349638,0.39312187,0.023458946,-0.30005118,0.60857445,0.0563648,-0.17173742,-0.34157568,-0.021483036,-0.12383233,0.027198823,-0.18988818,0.11424323,-0.14317268,-0.28934366,0.40464938,0.081175685,0.6942373,-0.42435944,0,-0.4281464
2025-06-04,197,119,-0.2225209339563143,2,0.9749279121818236,0,148.0,0,0,120.4,96.0,161.0,122.0,15.0,17.73,15.82,20.27,26.75,0.0,122.0,1,0,0.08071069,2.3,-0.62026614,-0.34342748,0.15595214,0.3238804,0.4261372,0.36311808,-0.13490175,0.56740445,0.022151025,-0.00039582167,0.58047634,0.071585335,-0.091322124,-0.25483352,0.03971236,0.1586406,-0.026425822,-0.22728948,-0.09934749,-0.055832934,-0.32784858,0.4465858,0.20661661,0.54361284,-0.45381978,0,-0.20044902
2025-06-05,126,94,-0.900968867902419,3,0.4338837391175582,0,122.0,0,0,118.2,148.0,137.0,119.0,15.35,20.27,16.14,19.94,26.65,0.2,129.66666666666666,1,0,0.17757006,0.0,-0.37182885,-0.31343883,0.11578908,0.1893043,-0.008997939,0.3462589,-0.20245709,0.4799835,0.045423776,-0.020935457,0.4680397,0.021816084,-0.12966093,-0.30084106,0.11207462,-0.08957309,-0.18312295,-0.102206096,-0.2159206,-0.05240814,-0.2820377,0.34112892,0.23621224,0.6394636,-0.33613783,0,-0.18977366
2025-06-06,130,89,-0.9009688679024191,4,-0.433883739117558,1,119.0,0,0,115.8,122.0,130.0,94.0,17.1,19.94,7.57,18.91,21.2,0.1,111.66666666666669,1,0,0.08583604,0.2,-0.544376,-0.369425,0.0016248311,0.21678832,0.23692523,0.30912396,-0.18545106,0.35027367,0.033617668,0.10236488,0.4601931,0.033177156,-0.11623674,-0.30167714,0.10526719,0.015744342,-0.16440652,-0.1512605,-0.023636878,-0.13491264,-0.22636065,0.3945715,0.24077085,0.6654153,-0.31557027,0,-0.1645818
2025-06-09,140,158,1.0,0,0.0,0,94.0,1,0,114.4,119.0,106.0,89.0,15.75,18.91,6.19,16.86,18.15,3.8,100.66666666666669,1,0,0.17757006,0.1,-0.37182885,-0.31343883,0.11578908,0.1893043,-0.008997939,0.3462589,-0.20245709,0.4799835,0.045423776,-0.020935457,0.4680397,0.021816084,-0.12966093,-0.30084106,0.11207462,-0.08957309,-0.18312295,-0.102206096,-0.2159206,-0.05240814,-0.2820377,0.34112892,0.23621224,0.6394636,-0.33613783,0,-0.18977366
2025-06-10,138,130,0.6234898018587336,1,0.7818314824680298,0,89.0,0,0,116.4,94.0,96.0,158.0,13.45,16.86,10.95,15.79,19.15,0.0,113.66666666666669,1,0,0.023290137,3.8,-0.3940966,-0.2814848,-0.0539666,0.26135597,-0.084765315,0.28078872,-0.1760402,0.29517144,0.13654277,0.33036637,0.34421656,0.05293153,-0.04495171,-0.3342022,0.19229431,-0.12465634,-0.34981164,-0.1656868,-0.16207613,-0.08125396,-0.13984558,0.1592979,0.24781358,0.8443777,-0.1365941,0,-0.28707093
2025-06-12,110,101,-0.900968867902419,3,0.4338837391175582,0,158.0,0,0,118.0,89.0,148.0,130.0,10.75,15.79,13.78,12.55,16.2,0.0,125.66666666666669,1,0,0.1651546,0.0,-0.33531782,-0.31672868,0.08259327,0.22769998,0.17013882,0.29224014,-0.23281996,0.25157192,0.048198495,-0.12286555,0.57642794,0.030924663,-0.13790718,-0.4297121,0.18317524,-0.033142813,-0.22623539,-0.12506005,0.15219642,-0.13623443,-0.29403472,0.39994457,0.19004309,0.82742876,-0.44502425,0,-0.32295778
2025-06-13,98,90,-0.9009688679024191,4,-0.433883739117558,1,130.0,0,0,114.4,158.0,122.0,101.0,9.55,12.55,14.93,13.52,18.65,0.0,129.66666666666666,1,0,0.078069456,0.0,-0.3797867,-0.38142464,0.06887399,0.23675646,0.04171129,0.28039783,-0.21674363,0.30436954,-0.015328482,0.11429804,0.47800714,0.05091755,-0.1162341,-0.3263589,0.21364023,-0.10007038,-0.27246752,-0.06442541,-0.07408678,-0.055456944,-0.21080714,0.29182884,0.34064314,0.8059214,-0.2385231,0,-0.12540774
2025-06-16,171,154,1.0,0,0.0,0,101.0,1,0,113.6,130.0,119.0,90.0,10.7,13.52,7.99,16.9,23.85,0.0,107.0,1,0,0.28562006,0.0,-0.39038596,-0.256017,0.17427914,0.05990135,0.21011202,0.24942613,-0.3167221,0.1739005,-0.036669366,-0.02689498,0.62202936,0.11253018,-0.31858286,-0.32913512,0.1381969,-0.10227975,-0.40397203,-0.018888436,0.015119223,-0.040475365,-0.2709964,0.31814915,0.3810589,0.86138445,-0.46360317,0,-0.15686695
2025-06-17,144,127,0.6234898018587336,1,0.7818314824680298,0,90.0,0,0,126.6,101.0,94.0,154.0,11.8,16.9,7.49,17.67,25.1,0.0,115.0,1,0,0.17757006,0.0,-0.37182885,-0.31343883,0.11578908,0.1893043,-0.008997939,0.3462589,-0.20245709,0.4799835,0.045423776,-0.020935457,0.4680397,0.021816084,-0.12966093,-0.30084106,0.11207462,-0.08957309,-0.18312295,-0.102206096,-0.2159206,-0.05240814,-0.2820377,0.34112892,0.23621224,0.6394636,-0.33613783,0,-0.18977366
2025-06-18,161,110,-0.2225209339563143,2,0.9749279121818236,0,154.0,0,1,120.4,90.0,89.0,127.0,9.55,17.67,13.1,16.57,24.45,0.0,123.66666666666669,1,0,0.06876411,0.0,-0.34303707,-0.3024364,0.12912399,0.26114962,0.15443884,0.44594142,-0.14681733,0.24157788,0.080426164,0.17219165,0.35308614,-0.027495822,-0.028541123,-0.47720987,0.25465304,-0.16936243,-0.22160129,-0.11973034,-0.21527445,-0.038101654,-0.1489446,0.3238699,0.2330889,0.8206462,-0.15824112,0,-0.35404447
2025-06-23,165,164,1.0,0,0.0,0,127.0,1,0,116.4,154.0,158.0,110.0,16.65,16.57,23.34,19.46,26.3,0.4,130.33333333333334,1,0,-0.0133620445,0.0,-0.34056383,-0.30688795,0.06785693,0.2832123,0.059835367,0.43649894,-0.19124518,0.41708493,0.08802054,0.006476584,0.38642734,-0.13470812,-0.07593013,-0.2706536,0.14557467,0.0020823425,-0.12195588,-0.03246685,-0.26853958,0.020655086,-0.10934092,0.33929104,0.16988309,0.5653871,-0.1638421,0,-0.23202826
2025-06-24,147,129,0.6234898018587336,1,0.7818314824680298,0,110.0,0,0,129.0,127.0,130.0,164.0,9.05,19.46,16.66,14.94,18.05,0.3,133.66666666666666,1,0,0.078069456,0.4,-0.3797867,-0.38142464,0.06887399,0.23675646,0.04171129,0.28039783,-0.21674363,0.30436954,-0.015328482,0.11429804,0.47800714,0.05091755,-0.1162341,-0.3263589,0.21364023,-0.10007038,-0.27246752,-0.06442541,-0.07408678,-0.055456944,-0.21080714,0.29182884,0.34064314,0.8059214,-0.2385231,0,-0.12540774
2025-06-25,203,120,-0.2225209339563143,2,0.9749279121818236,0,164.0,0,0,136.8,110.0,101.0,129.0,5.6,14.94,12.43,11.44,18.65,0.0,134.33333333333334,1,0,0.2076997,0.3,-0.5043584,-0.33187538,0.06650998,0.19106983,0.15486673,0.45673278,-0.19818714,0.46531117,0.034073837,-0.055367224,0.52485424,-0.009708056,-0.11511017,-0.25494844,0.021764498,0.040238958,-0.07638197,-0.13926403,-0.12925908,-0.07521677,-0.23381083,0.38297322,0.14746192,0.51413786,-0.41353402,0,-0.23043376
2025-06-26,161,94,-0.900968867902419,3,0.4338837391175582,0,129.0,0,0,130.0,164.0,90.0,120.0,9.85,11.44,16.92,17.36,26.45,0.0,137.66666666666666,1,0,0.078069456,0.0,-0.3797867,-0.38142464,0.06887399,0.23675646,0.04171129,0.28039783,-0.21674363,0.30436954,-0.015328482,0.11429804,0.47800714,0.05091755,-0.1162341,-0.3263589,0.21364023,-0.10007038,-0.27246752,-0.06442541,-0.07408678,-0.055456944,-0.21080714,0.29182884,0.34064314,0.8059214,-0.2385231,0,-0.12540774
2025-06-27,163,84,-0.9009688679024191,4,-0.433883739117558,1,120.0,0,0,123.4,129.0,154.0,94.0,16.6,17.36,9.66,18.74,21.6,0.0,114.33333333333331,1,0,0.3272811,0.0,-0.49946883,-0.16224839,0.2387026,0.042849675,0.23714323,0.1694399,-0.32784995,0.35351035,-0.03154913,-0.13925059,0.69382674,0.15631796,-0.3605576,-0.27172217,0.016605431,-0.18091224,-0.18211685,-0.11708972,0.004227298,-0.109522104,-0.33366254,0.3611379,0.30440357,0.7098844,-0.4979693,0,-0.19413455
2025-06-30,166,182,1.0,0,0.0,0,94.0,1,0,118.2,120.0,127.0,84.0,16.1,18.74,11.61,18.0,22.05,0.0,99.33333333333331,1,0,0.07688017,0.0,-0.40888214,-0.29561824,0.18332256,0.33268347,0.16253453,0.35023448,-0.16662107,0.539313,0.014745952,-0.0011368602,0.5604459,-0.007478245,-0.12875897,-0.33264363,0.11666574,-0.003126336,-0.16954845,-0.12936538,-0.19045284,0.024810513,-0.31386223,0.3950537,0.26707587,0.6782863,-0.38819042,0,-0.106413454
2025-07-01,147,144,0.6234898018587336,1,0.7818314824680298,0,84.0,0,0,121.8,94.0,110.0,182.0,12.9,18.0,11.44,14.83,16.25,0.0,120.0,1,0,0.1450486,0.0,-0.29744375,-0.24870165,0.024503779,0.23114525,-0.14104734,0.43905947,-0.25413698,0.4548853,-0.05734265,-0.019250998,0.33575135,-0.034501415,-0.06644615,-0.27037418,0.15685245,-0.122126885,-0.29153457,-0.10054625,-0.1933605,-0.030873023,-0.14577629,0.19820005,0.22540495,0.54126656,-0.291105,0,-0.32383707
2025-07-02,168,135,-0.2225209339563143,2,0.9749279121818236,0,182.0,0,0,124.8,84.0,164.0,144.0,11.45,14.83,10.09,12.31,13.25,0.0,136.66666666666666,1,0,-0.22710297,0.0,-0.45392588,-0.2177229,-0.09813722,0.12423725,0.5053741,0.5165196,-0.009842575,0.20284972,-0.06418477,-0.050275095,0.5416194,-0.061198182,-0.15896636,-0.102459595,0.04263803,0.26493943,-0.1459751,0.08050937,-0.43099707,-0.116772756,-0.14347744,0.53868145,0.22479375,1.0504786,-0.31666633,0,-0.43543407
2025-07-03,100,103,-0.900968867902419,3,0.4338837391175582,0,144.0,0,0,127.8,182.0,129.0,135.0,11.3,12.31,8.29,12.51,13.65,1.6,153.66666666666666,1,0,0.07688017,0.0,-0.40888214,-0.29561824,0.18332256,0.33268347,0.16253453,0.35023448,-0.16662107,0.539313,0.014745952,-0.0011368602,0.5604459,-0.007478245,-0.12875897,-0.33264363,0.11666574,-0.003126336,-0.16954845,-0.12936538,-0.19045284,0.024810513,-0.31386223,0.3950537,0.26707587,0.6782863,-0.38819042,0,-0.106413454
2025-07-04,80,100,-0.9009688679024191,4,-0.433883739117558,1,135.0,0,0,129.6,144.0,120.0,103.0,11.95,12.51,12.43,14.35,18.55,0.0,127.33333333333331,1,0,0.078069456,1.6,-0.3797867,-0.38142464,0.06887399,0.23675646,0.04171129,0.28039783,-0.21674363,0.30436954,-0.015328482,0.11429804,0.47800714,0.05091755,-0.1162341,-0.3263589,0.21364023,-0.10007038,-0.27246752,-0.06442541,-0.07408678,-0.055456944,-0.21080714,0.29182884,0.34064314,0.8059214,-0.2385231,0,-0.12540774
2025-07-07,45,76,1.0,0,0.0,0,103.0,1,0,132.8,135.0,94.0,100.0,11.55,14.35,9.73,14.64,20.2,0.0,112.66666666666669,1,0,0.07583473,0.0,-0.36883342,-0.23357655,0.044821598,0.17300622,0.027924538,0.5191617,-0.10298383,0.37425056,0.10583524,0.025362598,0.28394663,-0.0070416974,-0.05929858,-0.46558544,0.16186658,-0.17100643,-0.19939905,-0.15149575,-0.2858544,0.087428704,-0.15701231,0.3833174,0.22805081,0.6660427,-0.26074344,0,-0.3817752
2025-07-08,51,62,0.6234898018587336,1,0.7818314824680298,0,100.0,0,1,111.6,103.0,84.0,76.0,9.95,14.64,13.2,15.47,22.35,0.0,93.0,1,0,0.078069456,0.0,-0.3797867,-0.38142464,0.06887399,0.23675646,0.04171129,0.28039783,-0.21674363,0.30436954,-0.015328482,0.11429804,0.47800714,0.05091755,-0.1162341,-0.3263589,0.21364023,-0.10007038,-0.27246752,-0.06442541,-0.07408678,-0.055456944,-0.21080714,0.29182884,0.34064314,0.8059214,-0.2385231,0,-0.12540774
2025-08-04,159,200,1.0,0,0.0,0,76.0,1,0,95.2,100.0,182.0,62.0,10.8,15.47,5.82,15.99,22.8,0.0,79.33333333333333,0,0,0.15316965,0.0,-0.31194785,-0.23526134,-0.008488979,0.15649723,-0.118731335,0.35276106,-0.20379427,0.42737526,0.08942269,0.07649757,0.31402764,0.061329547,-0.106037505,-0.30282962,0.2055168,-0.11265849,-0.35649598,-0.17724992,-0.2220188,-0.033327155,-0.1371433,0.1799714,0.18697093,0.7019024,-0.2383205,1,-0.4243687
2025-08-05,149,153,0.6234898018587336,1,0.7818314824680298,0,62.0,0,0,108.2,76.0,144.0,200.0,13.3,15.99,8.7,15.49,18.45,0.1,112.66666666666669,0,0,0.29560786,0.0,-0.49264508,-0.15879774,0.29164174,0.100189246,0.26225477,0.21436915,-0.305929,0.42024824,-0.03504032,-0.18753496,0.73829406,0.0909283,-0.3335448,-0.25554273,0.052187648,-0.038966198,-0.25862902,-0.06611184,-0.011888915,0.014847776,-0.40254915,0.3939586,0.30122188,0.73634917,-0.54781604,1,-0.09443362
2025-08-06,175,128,-0.2225209339563143,2,0.9749279121818236,0,200.0,0,0,118.2,62.0,135.0,153.0,13.4,15.49,12.24,15.62,19.0,0.2,138.33333333333334,0,0,-0.22710297,0.1,-0.45392588,-0.2177229,-0.09813722,0.12423725,0.5053741,0.5165196,-0.009842575,0.20284972,-0.06418477,-0.050275095,0.5416194,-0.061198182,-0.15896636,-0.102459595,0.04263803,0.26493943,-0.1459751,0.08050937,-0.43099707,-0.116772756,-0.14347744,0.53868145,0.22479375,1.0504786,-0.31666633,1,-0.43543407
2025-08-07,108,85,-0.900968867902419,3,0.4338837391175582,0,153.0,0,0,123.8,200.0,103.0,128.0,12.0,15.62,9.9,17.53,25.35,0.0,160.33333333333334,0,0,0.17757006,0.2,-0.37182885,-0.31343883,0.11578908,0.1893043,-0.008997939,0.3462589,-0.20245709,0.4799835,0.045423776,-0.020935457,0.4680397,0.021816084,-0.12966093,-0.30084106,0.11207462,-0.08957309,-0.18312295,-0.102206096,-0.2159206,-0.05240814,-0.2820377,0.34112892,0.23621224,0.6394636,-0.33613783,1,-0.18977366
2025-08-08,89,69,-0.9009688679024191,4,-0.433883739117558,1,128.0,0,0,125.6,153.0,100.0,85.0,13.85,17.53,18.58,18.62,25.75,0.7,122.0,0,0,0.06876411,0.0,-0.34303707,-0.3024364,0.12912399,0.26114962,0.15443884,0.44594142,-0.14681733,0.24157788,0.080426164,0.17219165,0.35308614,-0.027495822,-0.028541123,-0.47720987,0.25465304,-0.16936243,-0.22160129,-0.11973034,-0.21527445,-0.038101654,-0.1489446,0.3238699,0.2330889,0.8206462,-0.15824112,1,-0.35404447
2025-08-11,161,161,1.0,0,0.0,0,85.0,1,0,127.0,128.0,76.0,69.0,9.25,18.62,12.9,12.6,17.6,0.0,94.0,0,0,0.08583604,0.7,-0.544376,-0.369425,0.0016248311,0.21678832,0.23692523,0.30912396,-0.18545106,0.35027367,0.033617668,0.10236488,0.4601931,0.033177156,-0.11623674,-0.30167714,0.10526719,0.015744342,-0.16440652,-0.1512605,-0.023636878,-0.13491264,-0.22636065,0.3945715,0.24077085,0.6654153,-0.31557027,1,-0.1645818
2025-08-12,128,127,0.6234898018587336,1,0.7818314824680298,0,69.0,0,0,119.2,85.0,62.0,161.0,9.0,12.6,10.8,13.18,19.7,0.0,105.0,0,0,0.17757006,0.0,-0.37182885,-0.31343883,0.11578908,0.1893043,-0.008997939,0.3462589,-0.20245709,0.4799835,0.045423776,-0.020935457,0.4680397,0.021816084,-0.12966093,-0.30084106,0.11207462,-0.08957309,-0.18312295,-0.102206096,-0.2159206,-0.05240814,-0.2820377,0.34112892,0.23621224,0.6394636,-0.33613783,1,-0.18977366
2025-08-13,163,117,-0.2225209339563143,2,0.9749279121818236,0,161.0,0,0,114.0,69.0,200.0,127.0,8.5,13.18,10.32,16.2,25.45,0.0,119.0,0,0,0.078069456,0.0,-0.3797867,-0.38142464,0.06887399,0.23675646,0.04171129,0.28039783,-0.21674363,0.30436954,-0.015328482,0.11429804,0.47800714,0.05091755,-0.1162341,-0.3263589,0.21364023,-0.10007038,-0.27246752,-0.06442541,-0.07408678,-0.055456944,-0.21080714,0.29182884,0.34064314,0.8059214,-0.2385231,1,-0.12540774
2025-08-14,118,88,-0.900968867902419,3,0.4338837391175582,0,127.0,0,0,111.8,161.0,153.0,117.0,11.1,16.2,14.33,14.73,19.25,0.0,135.0,0,0,0.07688017,0.0,-0.40888214,-0.29561824,0.18332256,0.33268347,0.16253453,0.35023448,-0.16662107,0.539313,0.014745952,-0.0011368602,0.5604459,-0.007478245,-0.12875897,-0.33264363,0.11666574,-0.003126336,-0.16954845,-0.12936538,-0.19045284,0.024810513,-0.31386223,0.3950537,0.26707587,0.6782863,-0.38819042,1,-0.106413454
2025-08-15,100,78,-0.9009688679024191,4,-0.433883739117558,1,117.0,0,0,112.4,127.0,128.0,88.0,11.0,14.73,13.25,14.72,20.9,0.0,110.66666666666669,0,0,0.15353464,0.0,-0.33250648,-0.26614764,0.15922548,0.2086791,0.20082007,0.3895105,-0.25993752,0.29893127,-0.0129189035,-0.10446636,0.5615898,0.009012938,-0.26298004,-0.29182702,0.017060084,0.018719349,-0.33966434,0.0029184956,-0.28151152,0.084709406,-0.30165374,0.40268946,0.18889068,0.90253097,-0.36243343,1,-0.09520782
2025-08-18,175,172,1.0,0,0.0,0,88.0,1,0,114.2,117.0,85.0,78.0,12.35,14.72,12.22,16.49,22.7,0.0,94.33333333333331,0,0,0.17757006,0.0,-0.37182885,-0.31343883,0.11578908,0.1893043,-0.008997939,0.3462589,-0.20245709,0.4799835,0.045423776,-0.020935457,0.4680397,0.021816084,-0.12966093,-0.30084106,0.11207462,-0.08957309,-0.18312295,-0.102206096,-0.2159206,-0.05240814,-0.2820377,0.34112892,0.23621224,0.6394636,-0.33613783,1,-0.18977366
2025-08-19,142,130,0.6234898018587336,1,0.7818314824680298,0,78.0,0,0,116.4,88.0,69.0,172.0,13.85,16.49,12.73,18.36,23.6,0.0,112.66666666666669,0,0,0.07688017,0.0,-0.40888214,-0.29561824,0.18332256,0.33268347,0.16253453,0.35023448,-0.16662107,0.539313,0.014745952,-0.0011368602,0.5604459,-0.007478245,-0.12875897,-0.33264363,0.11666574,-0.003126336,-0.16954845,-0.12936538,-0.19045284,0.024810513,-0.31386223,0.3950537,0.26707587,0.6782863,-0.38819042,1,-0.106413454
2025-08-20,166,125,-0.2225209339563143,2,0.9749279121818236,0,172.0,0,0,117.0,78.0,161.0,130.0,15.7,18.36,12.9,21.76,29.35,0.0,126.66666666666669,0,0,0.078069456,0.0,-0.3797867,-0.38142464,0.06887399,0.23675646,0.04171129,0.28039783,-0.21674363,0.30436954,-0.015328482,0.11429804,0.47800714,0.05091755,-0.1162341,-0.3263589,0.21364023,-0.10007038,-0.27246752,-0.06442541,-0.07408678,-0.055456944,-0.21080714,0.29182884,0.34064314,0.8059214,-0.2385231,1,-0.12540774
2025-08-21,99,96,-0.900968867902419,3,0.4338837391175582,0,130.0,0,0,118.6,172.0,127.0,125.0,15.35,21.76,10.39,22.04,30.35,0.0,142.33333333333334,0,0,0.2076997,0.0,-0.5043584,-0.33187538,0.06650998,0.19106983,0.15486673,0.45673278,-0.19818714,0.46531117,0.034073837,-0.055367224,0.52485424,-0.009708056,-0.11511017,-0.25494844,0.021764498,0.040238958,-0.07638197,-0.13926403,-0.12925908,-0.07521677,-0.23381083,0.38297322,0.14746192,0.51413786,-0.41353402,1,-0.23043376
2025-08-22,111,91,-0.9009688679024191,4,-0.433883739117558,1,125.0,0,0,120.2,130.0,117.0,96.0,16.0,22.04,8.71,23.19,32.05,0.0,117.0,0,0,0.06876411,0.0,-0.34303707,-0.3024364,0.12912399,0.26114962,0.15443884,0.44594142,-0.14681733,0.24157788,0.080426164,0.17219165,0.35308614,-0.027495822,-0.028541123,-0.47720987,0.25465304,-0.16936243,-0.22160129,-0.11973034,-0.21527445,-0.038101654,-0.1489446,0.3238699,0.2330889,0.8206462,-0.15824112,1,-0.35404447
